"date_id","fulldate","dayofmonth","dayofyear","dayofweek","dayname","monthnumber","monthname","year","quarter"
"1000","2003-01-06","6","6","2","Monday","1","January","2003","1"
"1001","2003-01-07","7","7","3","Tuesday","1","January","2003","1"
"1002","2003-01-08","8","8","4","Wednesday","1","January","2003","1"
"1003","2003-01-09","9","9","5","Thursday","1","January","2003","1"
"1004","2003-01-10","10","10","6","Friday","1","January","2003","1"
"1005","2003-01-11","11","11","7","Saturday","1","January","2003","1"
"1006","2003-01-12","12","12","1","Sunday","1","January","2003","1"
"1007","2003-01-13","13","13","2","Monday","1","January","2003","1"
"1008","2003-01-14","14","14","3","Tuesday","1","January","2003","1"
"1009","2003-01-15","15","15","4","Wednesday","1","January","2003","1"
"1010","2003-01-16","16","16","5","Thursday","1","January","2003","1"
"1011","2003-01-17","17","17","6","Friday","1","January","2003","1"
"1012","2003-01-18","18","18","7","Saturday","1","January","2003","1"
"1013","2003-01-19","19","19","1","Sunday","1","January","2003","1"
"1014","2003-01-20","20","20","2","Monday","1","January","2003","1"
"1015","2003-01-21","21","21","3","Tuesday","1","January","2003","1"
"1016","2003-01-22","22","22","4","Wednesday","1","January","2003","1"
"1017","2003-01-23","23","23","5","Thursday","1","January","2003","1"
"1018","2003-01-24","24","24","6","Friday","1","January","2003","1"
"1019","2003-01-25","25","25","7","Saturday","1","January","2003","1"
"1020","2003-01-26","26","26","1","Sunday","1","January","2003","1"
"1021","2003-01-27","27","27","2","Monday","1","January","2003","1"
"1022","2003-01-28","28","28","3","Tuesday","1","January","2003","1"
"1023","2003-01-29","29","29","4","Wednesday","1","January","2003","1"
"1024","2003-01-30","30","30","5","Thursday","1","January","2003","1"
"1025","2003-01-31","31","31","6","Friday","1","January","2003","1"
"1026","2003-02-01","1","32","7","Saturday","2","February","2003","1"
"1027","2003-02-02","2","33","1","Sunday","2","February","2003","1"
"1028","2003-02-03","3","34","2","Monday","2","February","2003","1"
"1029","2003-02-04","4","35","3","Tuesday","2","February","2003","1"
"1030","2003-02-05","5","36","4","Wednesday","2","February","2003","1"
"1031","2003-02-06","6","37","5","Thursday","2","February","2003","1"
"1032","2003-02-07","7","38","6","Friday","2","February","2003","1"
"1033","2003-02-08","8","39","7","Saturday","2","February","2003","1"
"1034","2003-02-09","9","40","1","Sunday","2","February","2003","1"
"1035","2003-02-10","10","41","2","Monday","2","February","2003","1"
"1036","2003-02-11","11","42","3","Tuesday","2","February","2003","1"
"1037","2003-02-12","12","43","4","Wednesday","2","February","2003","1"
"1038","2003-02-13","13","44","5","Thursday","2","February","2003","1"
"1039","2003-02-14","14","45","6","Friday","2","February","2003","1"
"1040","2003-02-15","15","46","7","Saturday","2","February","2003","1"
"1041","2003-02-16","16","47","1","Sunday","2","February","2003","1"
"1042","2003-02-17","17","48","2","Monday","2","February","2003","1"
"1043","2003-02-18","18","49","3","Tuesday","2","February","2003","1"
"1044","2003-02-19","19","50","4","Wednesday","2","February","2003","1"
"1045","2003-02-20","20","51","5","Thursday","2","February","2003","1"
"1046","2003-02-21","21","52","6","Friday","2","February","2003","1"
"1047","2003-02-22","22","53","7","Saturday","2","February","2003","1"
"1048","2003-02-23","23","54","1","Sunday","2","February","2003","1"
"1049","2003-02-24","24","55","2","Monday","2","February","2003","1"
"1050","2003-02-25","25","56","3","Tuesday","2","February","2003","1"
"1051","2003-02-26","26","57","4","Wednesday","2","February","2003","1"
"1052","2003-02-27","27","58","5","Thursday","2","February","2003","1"
"1053","2003-02-28","28","59","6","Friday","2","February","2003","1"
"1054","2003-03-01","1","60","7","Saturday","3","March","2003","1"
"1055","2003-03-02","2","61","1","Sunday","3","March","2003","1"
"1056","2003-03-03","3","62","2","Monday","3","March","2003","1"
"1057","2003-03-04","4","63","3","Tuesday","3","March","2003","1"
"1058","2003-03-05","5","64","4","Wednesday","3","March","2003","1"
"1059","2003-03-06","6","65","5","Thursday","3","March","2003","1"
"1060","2003-03-07","7","66","6","Friday","3","March","2003","1"
"1061","2003-03-08","8","67","7","Saturday","3","March","2003","1"
"1062","2003-03-09","9","68","1","Sunday","3","March","2003","1"
"1063","2003-03-10","10","69","2","Monday","3","March","2003","1"
"1064","2003-03-11","11","70","3","Tuesday","3","March","2003","1"
"1065","2003-03-12","12","71","4","Wednesday","3","March","2003","1"
"1066","2003-03-13","13","72","5","Thursday","3","March","2003","1"
"1067","2003-03-14","14","73","6","Friday","3","March","2003","1"
"1068","2003-03-15","15","74","7","Saturday","3","March","2003","1"
"1069","2003-03-16","16","75","1","Sunday","3","March","2003","1"
"1070","2003-03-17","17","76","2","Monday","3","March","2003","1"
"1071","2003-03-18","18","77","3","Tuesday","3","March","2003","1"
"1072","2003-03-19","19","78","4","Wednesday","3","March","2003","1"
"1073","2003-03-20","20","79","5","Thursday","3","March","2003","1"
"1074","2003-03-21","21","80","6","Friday","3","March","2003","1"
"1075","2003-03-22","22","81","7","Saturday","3","March","2003","1"
"1076","2003-03-23","23","82","1","Sunday","3","March","2003","1"
"1077","2003-03-24","24","83","2","Monday","3","March","2003","1"
"1078","2003-03-25","25","84","3","Tuesday","3","March","2003","1"
"1079","2003-03-26","26","85","4","Wednesday","3","March","2003","1"
"1080","2003-03-27","27","86","5","Thursday","3","March","2003","1"
"1081","2003-03-28","28","87","6","Friday","3","March","2003","1"
"1082","2003-03-29","29","88","7","Saturday","3","March","2003","1"
"1083","2003-03-30","30","89","1","Sunday","3","March","2003","1"
"1084","2003-03-31","31","90","2","Monday","3","March","2003","1"
"1085","2003-04-01","1","91","3","Tuesday","4","April","2003","2"
"1086","2003-04-02","2","92","4","Wednesday","4","April","2003","2"
"1087","2003-04-03","3","93","5","Thursday","4","April","2003","2"
"1088","2003-04-04","4","94","6","Friday","4","April","2003","2"
"1089","2003-04-05","5","95","7","Saturday","4","April","2003","2"
"1090","2003-04-06","6","96","1","Sunday","4","April","2003","2"
"1091","2003-04-07","7","97","2","Monday","4","April","2003","2"
"1092","2003-04-08","8","98","3","Tuesday","4","April","2003","2"
"1093","2003-04-09","9","99","4","Wednesday","4","April","2003","2"
"1094","2003-04-10","10","100","5","Thursday","4","April","2003","2"
"1095","2003-04-11","11","101","6","Friday","4","April","2003","2"
"1096","2003-04-12","12","102","7","Saturday","4","April","2003","2"
"1097","2003-04-13","13","103","1","Sunday","4","April","2003","2"
"1098","2003-04-14","14","104","2","Monday","4","April","2003","2"
"1099","2003-04-15","15","105","3","Tuesday","4","April","2003","2"
"1100","2003-04-16","16","106","4","Wednesday","4","April","2003","2"
"1101","2003-04-17","17","107","5","Thursday","4","April","2003","2"
"1102","2003-04-18","18","108","6","Friday","4","April","2003","2"
"1103","2003-04-19","19","109","7","Saturday","4","April","2003","2"
"1104","2003-04-20","20","110","1","Sunday","4","April","2003","2"
"1105","2003-04-21","21","111","2","Monday","4","April","2003","2"
"1106","2003-04-22","22","112","3","Tuesday","4","April","2003","2"
"1107","2003-04-23","23","113","4","Wednesday","4","April","2003","2"
"1108","2003-04-24","24","114","5","Thursday","4","April","2003","2"
"1109","2003-04-25","25","115","6","Friday","4","April","2003","2"
"1110","2003-04-26","26","116","7","Saturday","4","April","2003","2"
"1111","2003-04-27","27","117","1","Sunday","4","April","2003","2"
"1112","2003-04-28","28","118","2","Monday","4","April","2003","2"
"1113","2003-04-29","29","119","3","Tuesday","4","April","2003","2"
"1114","2003-04-30","30","120","4","Wednesday","4","April","2003","2"
"1115","2003-05-01","1","121","5","Thursday","5","May","2003","2"
"1116","2003-05-02","2","122","6","Friday","5","May","2003","2"
"1117","2003-05-03","3","123","7","Saturday","5","May","2003","2"
"1118","2003-05-04","4","124","1","Sunday","5","May","2003","2"
"1119","2003-05-05","5","125","2","Monday","5","May","2003","2"
"1120","2003-05-06","6","126","3","Tuesday","5","May","2003","2"
"1121","2003-05-07","7","127","4","Wednesday","5","May","2003","2"
"1122","2003-05-08","8","128","5","Thursday","5","May","2003","2"
"1123","2003-05-09","9","129","6","Friday","5","May","2003","2"
"1124","2003-05-10","10","130","7","Saturday","5","May","2003","2"
"1125","2003-05-11","11","131","1","Sunday","5","May","2003","2"
"1126","2003-05-12","12","132","2","Monday","5","May","2003","2"
"1127","2003-05-13","13","133","3","Tuesday","5","May","2003","2"
"1128","2003-05-14","14","134","4","Wednesday","5","May","2003","2"
"1129","2003-05-15","15","135","5","Thursday","5","May","2003","2"
"1130","2003-05-16","16","136","6","Friday","5","May","2003","2"
"1131","2003-05-17","17","137","7","Saturday","5","May","2003","2"
"1132","2003-05-18","18","138","1","Sunday","5","May","2003","2"
"1133","2003-05-19","19","139","2","Monday","5","May","2003","2"
"1134","2003-05-20","20","140","3","Tuesday","5","May","2003","2"
"1135","2003-05-21","21","141","4","Wednesday","5","May","2003","2"
"1136","2003-05-22","22","142","5","Thursday","5","May","2003","2"
"1137","2003-05-23","23","143","6","Friday","5","May","2003","2"
"1138","2003-05-24","24","144","7","Saturday","5","May","2003","2"
"1139","2003-05-25","25","145","1","Sunday","5","May","2003","2"
"1140","2003-05-26","26","146","2","Monday","5","May","2003","2"
"1141","2003-05-27","27","147","3","Tuesday","5","May","2003","2"
"1142","2003-05-28","28","148","4","Wednesday","5","May","2003","2"
"1143","2003-05-29","29","149","5","Thursday","5","May","2003","2"
"1144","2003-05-30","30","150","6","Friday","5","May","2003","2"
"1145","2003-05-31","31","151","7","Saturday","5","May","2003","2"
"1146","2003-06-01","1","152","1","Sunday","6","June","2003","2"
"1147","2003-06-02","2","153","2","Monday","6","June","2003","2"
"1148","2003-06-03","3","154","3","Tuesday","6","June","2003","2"
"1149","2003-06-04","4","155","4","Wednesday","6","June","2003","2"
"1150","2003-06-05","5","156","5","Thursday","6","June","2003","2"
"1151","2003-06-06","6","157","6","Friday","6","June","2003","2"
"1152","2003-06-07","7","158","7","Saturday","6","June","2003","2"
"1153","2003-06-08","8","159","1","Sunday","6","June","2003","2"
"1154","2003-06-09","9","160","2","Monday","6","June","2003","2"
"1155","2003-06-10","10","161","3","Tuesday","6","June","2003","2"
"1156","2003-06-11","11","162","4","Wednesday","6","June","2003","2"
"1157","2003-06-12","12","163","5","Thursday","6","June","2003","2"
"1158","2003-06-13","13","164","6","Friday","6","June","2003","2"
"1159","2003-06-14","14","165","7","Saturday","6","June","2003","2"
"1160","2003-06-15","15","166","1","Sunday","6","June","2003","2"
"1161","2003-06-16","16","167","2","Monday","6","June","2003","2"
"1162","2003-06-17","17","168","3","Tuesday","6","June","2003","2"
"1163","2003-06-18","18","169","4","Wednesday","6","June","2003","2"
"1164","2003-06-19","19","170","5","Thursday","6","June","2003","2"
"1165","2003-06-20","20","171","6","Friday","6","June","2003","2"
"1166","2003-06-21","21","172","7","Saturday","6","June","2003","2"
"1167","2003-06-22","22","173","1","Sunday","6","June","2003","2"
"1168","2003-06-23","23","174","2","Monday","6","June","2003","2"
"1169","2003-06-24","24","175","3","Tuesday","6","June","2003","2"
"1170","2003-06-25","25","176","4","Wednesday","6","June","2003","2"
"1171","2003-06-26","26","177","5","Thursday","6","June","2003","2"
"1172","2003-06-27","27","178","6","Friday","6","June","2003","2"
"1173","2003-06-28","28","179","7","Saturday","6","June","2003","2"
"1174","2003-06-29","29","180","1","Sunday","6","June","2003","2"
"1175","2003-06-30","30","181","2","Monday","6","June","2003","2"
"1176","2003-07-01","1","182","3","Tuesday","7","July","2003","3"
"1177","2003-07-02","2","183","4","Wednesday","7","July","2003","3"
"1178","2003-07-03","3","184","5","Thursday","7","July","2003","3"
"1179","2003-07-04","4","185","6","Friday","7","July","2003","3"
"1180","2003-07-05","5","186","7","Saturday","7","July","2003","3"
"1181","2003-07-06","6","187","1","Sunday","7","July","2003","3"
"1182","2003-07-07","7","188","2","Monday","7","July","2003","3"
"1183","2003-07-08","8","189","3","Tuesday","7","July","2003","3"
"1184","2003-07-09","9","190","4","Wednesday","7","July","2003","3"
"1185","2003-07-10","10","191","5","Thursday","7","July","2003","3"
"1186","2003-07-11","11","192","6","Friday","7","July","2003","3"
"1187","2003-07-12","12","193","7","Saturday","7","July","2003","3"
"1188","2003-07-13","13","194","1","Sunday","7","July","2003","3"
"1189","2003-07-14","14","195","2","Monday","7","July","2003","3"
"1190","2003-07-15","15","196","3","Tuesday","7","July","2003","3"
"1191","2003-07-16","16","197","4","Wednesday","7","July","2003","3"
"1192","2003-07-17","17","198","5","Thursday","7","July","2003","3"
"1193","2003-07-18","18","199","6","Friday","7","July","2003","3"
"1194","2003-07-19","19","200","7","Saturday","7","July","2003","3"
"1195","2003-07-20","20","201","1","Sunday","7","July","2003","3"
"1196","2003-07-21","21","202","2","Monday","7","July","2003","3"
"1197","2003-07-22","22","203","3","Tuesday","7","July","2003","3"
"1198","2003-07-23","23","204","4","Wednesday","7","July","2003","3"
"1199","2003-07-24","24","205","5","Thursday","7","July","2003","3"
"1200","2003-07-25","25","206","6","Friday","7","July","2003","3"
"1201","2003-07-26","26","207","7","Saturday","7","July","2003","3"
"1202","2003-07-27","27","208","1","Sunday","7","July","2003","3"
"1203","2003-07-28","28","209","2","Monday","7","July","2003","3"
"1204","2003-07-29","29","210","3","Tuesday","7","July","2003","3"
"1205","2003-07-30","30","211","4","Wednesday","7","July","2003","3"
"1206","2003-07-31","31","212","5","Thursday","7","July","2003","3"
"1207","2003-08-01","1","213","6","Friday","8","August","2003","3"
"1208","2003-08-02","2","214","7","Saturday","8","August","2003","3"
"1209","2003-08-03","3","215","1","Sunday","8","August","2003","3"
"1210","2003-08-04","4","216","2","Monday","8","August","2003","3"
"1211","2003-08-05","5","217","3","Tuesday","8","August","2003","3"
"1212","2003-08-06","6","218","4","Wednesday","8","August","2003","3"
"1213","2003-08-07","7","219","5","Thursday","8","August","2003","3"
"1214","2003-08-08","8","220","6","Friday","8","August","2003","3"
"1215","2003-08-09","9","221","7","Saturday","8","August","2003","3"
"1216","2003-08-10","10","222","1","Sunday","8","August","2003","3"
"1217","2003-08-11","11","223","2","Monday","8","August","2003","3"
"1218","2003-08-12","12","224","3","Tuesday","8","August","2003","3"
"1219","2003-08-13","13","225","4","Wednesday","8","August","2003","3"
"1220","2003-08-14","14","226","5","Thursday","8","August","2003","3"
"1221","2003-08-15","15","227","6","Friday","8","August","2003","3"
"1222","2003-08-16","16","228","7","Saturday","8","August","2003","3"
"1223","2003-08-17","17","229","1","Sunday","8","August","2003","3"
"1224","2003-08-18","18","230","2","Monday","8","August","2003","3"
"1225","2003-08-19","19","231","3","Tuesday","8","August","2003","3"
"1226","2003-08-20","20","232","4","Wednesday","8","August","2003","3"
"1227","2003-08-21","21","233","5","Thursday","8","August","2003","3"
"1228","2003-08-22","22","234","6","Friday","8","August","2003","3"
"1229","2003-08-23","23","235","7","Saturday","8","August","2003","3"
"1230","2003-08-24","24","236","1","Sunday","8","August","2003","3"
"1231","2003-08-25","25","237","2","Monday","8","August","2003","3"
"1232","2003-08-26","26","238","3","Tuesday","8","August","2003","3"
"1233","2003-08-27","27","239","4","Wednesday","8","August","2003","3"
"1234","2003-08-28","28","240","5","Thursday","8","August","2003","3"
"1235","2003-08-29","29","241","6","Friday","8","August","2003","3"
"1236","2003-08-30","30","242","7","Saturday","8","August","2003","3"
"1237","2003-08-31","31","243","1","Sunday","8","August","2003","3"
"1238","2003-09-01","1","244","2","Monday","9","September","2003","3"
"1239","2003-09-02","2","245","3","Tuesday","9","September","2003","3"
"1240","2003-09-03","3","246","4","Wednesday","9","September","2003","3"
"1241","2003-09-04","4","247","5","Thursday","9","September","2003","3"
"1242","2003-09-05","5","248","6","Friday","9","September","2003","3"
"1243","2003-09-06","6","249","7","Saturday","9","September","2003","3"
"1244","2003-09-07","7","250","1","Sunday","9","September","2003","3"
"1245","2003-09-08","8","251","2","Monday","9","September","2003","3"
"1246","2003-09-09","9","252","3","Tuesday","9","September","2003","3"
"1247","2003-09-10","10","253","4","Wednesday","9","September","2003","3"
"1248","2003-09-11","11","254","5","Thursday","9","September","2003","3"
"1249","2003-09-12","12","255","6","Friday","9","September","2003","3"
"1250","2003-09-13","13","256","7","Saturday","9","September","2003","3"
"1251","2003-09-14","14","257","1","Sunday","9","September","2003","3"
"1252","2003-09-15","15","258","2","Monday","9","September","2003","3"
"1253","2003-09-16","16","259","3","Tuesday","9","September","2003","3"
"1254","2003-09-17","17","260","4","Wednesday","9","September","2003","3"
"1255","2003-09-18","18","261","5","Thursday","9","September","2003","3"
"1256","2003-09-19","19","262","6","Friday","9","September","2003","3"
"1257","2003-09-20","20","263","7","Saturday","9","September","2003","3"
"1258","2003-09-21","21","264","1","Sunday","9","September","2003","3"
"1259","2003-09-22","22","265","2","Monday","9","September","2003","3"
"1260","2003-09-23","23","266","3","Tuesday","9","September","2003","3"
"1261","2003-09-24","24","267","4","Wednesday","9","September","2003","3"
"1262","2003-09-25","25","268","5","Thursday","9","September","2003","3"
"1263","2003-09-26","26","269","6","Friday","9","September","2003","3"
"1264","2003-09-27","27","270","7","Saturday","9","September","2003","3"
"1265","2003-09-28","28","271","1","Sunday","9","September","2003","3"
"1266","2003-09-29","29","272","2","Monday","9","September","2003","3"
"1267","2003-09-30","30","273","3","Tuesday","9","September","2003","3"
"1268","2003-10-01","1","274","4","Wednesday","10","October","2003","4"
"1269","2003-10-02","2","275","5","Thursday","10","October","2003","4"
"1270","2003-10-03","3","276","6","Friday","10","October","2003","4"
"1271","2003-10-04","4","277","7","Saturday","10","October","2003","4"
"1272","2003-10-05","5","278","1","Sunday","10","October","2003","4"
"1273","2003-10-06","6","279","2","Monday","10","October","2003","4"
"1274","2003-10-07","7","280","3","Tuesday","10","October","2003","4"
"1275","2003-10-08","8","281","4","Wednesday","10","October","2003","4"
"1276","2003-10-09","9","282","5","Thursday","10","October","2003","4"
"1277","2003-10-10","10","283","6","Friday","10","October","2003","4"
"1278","2003-10-11","11","284","7","Saturday","10","October","2003","4"
"1279","2003-10-12","12","285","1","Sunday","10","October","2003","4"
"1280","2003-10-13","13","286","2","Monday","10","October","2003","4"
"1281","2003-10-14","14","287","3","Tuesday","10","October","2003","4"
"1282","2003-10-15","15","288","4","Wednesday","10","October","2003","4"
"1283","2003-10-16","16","289","5","Thursday","10","October","2003","4"
"1284","2003-10-17","17","290","6","Friday","10","October","2003","4"
"1285","2003-10-18","18","291","7","Saturday","10","October","2003","4"
"1286","2003-10-19","19","292","1","Sunday","10","October","2003","4"
"1287","2003-10-20","20","293","2","Monday","10","October","2003","4"
"1288","2003-10-21","21","294","3","Tuesday","10","October","2003","4"
"1289","2003-10-22","22","295","4","Wednesday","10","October","2003","4"
"1290","2003-10-23","23","296","5","Thursday","10","October","2003","4"
"1291","2003-10-24","24","297","6","Friday","10","October","2003","4"
"1292","2003-10-25","25","298","7","Saturday","10","October","2003","4"
"1293","2003-10-26","26","299","1","Sunday","10","October","2003","4"
"1294","2003-10-27","27","300","2","Monday","10","October","2003","4"
"1295","2003-10-28","28","301","3","Tuesday","10","October","2003","4"
"1296","2003-10-29","29","302","4","Wednesday","10","October","2003","4"
"1297","2003-10-30","30","303","5","Thursday","10","October","2003","4"
"1298","2003-10-31","31","304","6","Friday","10","October","2003","4"
"1299","2003-11-01","1","305","7","Saturday","11","November","2003","4"
"1300","2003-11-02","2","306","1","Sunday","11","November","2003","4"
"1301","2003-11-03","3","307","2","Monday","11","November","2003","4"
"1302","2003-11-04","4","308","3","Tuesday","11","November","2003","4"
"1303","2003-11-05","5","309","4","Wednesday","11","November","2003","4"
"1304","2003-11-06","6","310","5","Thursday","11","November","2003","4"
"1305","2003-11-07","7","311","6","Friday","11","November","2003","4"
"1306","2003-11-08","8","312","7","Saturday","11","November","2003","4"
"1307","2003-11-09","9","313","1","Sunday","11","November","2003","4"
"1308","2003-11-10","10","314","2","Monday","11","November","2003","4"
"1309","2003-11-11","11","315","3","Tuesday","11","November","2003","4"
"1310","2003-11-12","12","316","4","Wednesday","11","November","2003","4"
"1311","2003-11-13","13","317","5","Thursday","11","November","2003","4"
"1312","2003-11-14","14","318","6","Friday","11","November","2003","4"
"1313","2003-11-15","15","319","7","Saturday","11","November","2003","4"
"1314","2003-11-16","16","320","1","Sunday","11","November","2003","4"
"1315","2003-11-17","17","321","2","Monday","11","November","2003","4"
"1316","2003-11-18","18","322","3","Tuesday","11","November","2003","4"
"1317","2003-11-19","19","323","4","Wednesday","11","November","2003","4"
"1318","2003-11-20","20","324","5","Thursday","11","November","2003","4"
"1319","2003-11-21","21","325","6","Friday","11","November","2003","4"
"1320","2003-11-22","22","326","7","Saturday","11","November","2003","4"
"1321","2003-11-23","23","327","1","Sunday","11","November","2003","4"
"1322","2003-11-24","24","328","2","Monday","11","November","2003","4"
"1323","2003-11-25","25","329","3","Tuesday","11","November","2003","4"
"1324","2003-11-26","26","330","4","Wednesday","11","November","2003","4"
"1325","2003-11-27","27","331","5","Thursday","11","November","2003","4"
"1326","2003-11-28","28","332","6","Friday","11","November","2003","4"
"1327","2003-11-29","29","333","7","Saturday","11","November","2003","4"
"1328","2003-11-30","30","334","1","Sunday","11","November","2003","4"
"1329","2003-12-01","1","335","2","Monday","12","December","2003","4"
"1330","2003-12-02","2","336","3","Tuesday","12","December","2003","4"
"1331","2003-12-03","3","337","4","Wednesday","12","December","2003","4"
"1332","2003-12-04","4","338","5","Thursday","12","December","2003","4"
"1333","2003-12-05","5","339","6","Friday","12","December","2003","4"
"1334","2003-12-06","6","340","7","Saturday","12","December","2003","4"
"1335","2003-12-07","7","341","1","Sunday","12","December","2003","4"
"1336","2003-12-08","8","342","2","Monday","12","December","2003","4"
"1337","2003-12-09","9","343","3","Tuesday","12","December","2003","4"
"1338","2003-12-10","10","344","4","Wednesday","12","December","2003","4"
"1339","2003-12-11","11","345","5","Thursday","12","December","2003","4"
"1340","2003-12-12","12","346","6","Friday","12","December","2003","4"
"1341","2003-12-13","13","347","7","Saturday","12","December","2003","4"
"1342","2003-12-14","14","348","1","Sunday","12","December","2003","4"
"1343","2003-12-15","15","349","2","Monday","12","December","2003","4"
"1344","2003-12-16","16","350","3","Tuesday","12","December","2003","4"
"1345","2003-12-17","17","351","4","Wednesday","12","December","2003","4"
"1346","2003-12-18","18","352","5","Thursday","12","December","2003","4"
"1347","2003-12-19","19","353","6","Friday","12","December","2003","4"
"1348","2003-12-20","20","354","7","Saturday","12","December","2003","4"
"1349","2003-12-21","21","355","1","Sunday","12","December","2003","4"
"1350","2003-12-22","22","356","2","Monday","12","December","2003","4"
"1351","2003-12-23","23","357","3","Tuesday","12","December","2003","4"
"1352","2003-12-24","24","358","4","Wednesday","12","December","2003","4"
"1353","2003-12-25","25","359","5","Thursday","12","December","2003","4"
"1354","2003-12-26","26","360","6","Friday","12","December","2003","4"
"1355","2003-12-27","27","361","7","Saturday","12","December","2003","4"
"1356","2003-12-28","28","362","1","Sunday","12","December","2003","4"
"1357","2003-12-29","29","363","2","Monday","12","December","2003","4"
"1358","2003-12-30","30","364","3","Tuesday","12","December","2003","4"
"1359","2003-12-31","31","365","4","Wednesday","12","December","2003","4"
"1360","2004-01-01","1","1","5","Thursday","1","January","2004","1"
"1361","2004-01-02","2","2","6","Friday","1","January","2004","1"
"1362","2004-01-03","3","3","7","Saturday","1","January","2004","1"
"1363","2004-01-04","4","4","1","Sunday","1","January","2004","1"
"1364","2004-01-05","5","5","2","Monday","1","January","2004","1"
"1365","2004-01-06","6","6","3","Tuesday","1","January","2004","1"
"1366","2004-01-07","7","7","4","Wednesday","1","January","2004","1"
"1367","2004-01-08","8","8","5","Thursday","1","January","2004","1"
"1368","2004-01-09","9","9","6","Friday","1","January","2004","1"
"1369","2004-01-10","10","10","7","Saturday","1","January","2004","1"
"1370","2004-01-11","11","11","1","Sunday","1","January","2004","1"
"1371","2004-01-12","12","12","2","Monday","1","January","2004","1"
"1372","2004-01-13","13","13","3","Tuesday","1","January","2004","1"
"1373","2004-01-14","14","14","4","Wednesday","1","January","2004","1"
"1374","2004-01-15","15","15","5","Thursday","1","January","2004","1"
"1375","2004-01-16","16","16","6","Friday","1","January","2004","1"
"1376","2004-01-17","17","17","7","Saturday","1","January","2004","1"
"1377","2004-01-18","18","18","1","Sunday","1","January","2004","1"
"1378","2004-01-19","19","19","2","Monday","1","January","2004","1"
"1379","2004-01-20","20","20","3","Tuesday","1","January","2004","1"
"1380","2004-01-21","21","21","4","Wednesday","1","January","2004","1"
"1381","2004-01-22","22","22","5","Thursday","1","January","2004","1"
"1382","2004-01-23","23","23","6","Friday","1","January","2004","1"
"1383","2004-01-24","24","24","7","Saturday","1","January","2004","1"
"1384","2004-01-25","25","25","1","Sunday","1","January","2004","1"
"1385","2004-01-26","26","26","2","Monday","1","January","2004","1"
"1386","2004-01-27","27","27","3","Tuesday","1","January","2004","1"
"1387","2004-01-28","28","28","4","Wednesday","1","January","2004","1"
"1388","2004-01-29","29","29","5","Thursday","1","January","2004","1"
"1389","2004-01-30","30","30","6","Friday","1","January","2004","1"
"1390","2004-01-31","31","31","7","Saturday","1","January","2004","1"
"1391","2004-02-01","1","32","1","Sunday","2","February","2004","1"
"1392","2004-02-02","2","33","2","Monday","2","February","2004","1"
"1393","2004-02-03","3","34","3","Tuesday","2","February","2004","1"
"1394","2004-02-04","4","35","4","Wednesday","2","February","2004","1"
"1395","2004-02-05","5","36","5","Thursday","2","February","2004","1"
"1396","2004-02-06","6","37","6","Friday","2","February","2004","1"
"1397","2004-02-07","7","38","7","Saturday","2","February","2004","1"
"1398","2004-02-08","8","39","1","Sunday","2","February","2004","1"
"1399","2004-02-09","9","40","2","Monday","2","February","2004","1"
"1400","2004-02-10","10","41","3","Tuesday","2","February","2004","1"
"1401","2004-02-11","11","42","4","Wednesday","2","February","2004","1"
"1402","2004-02-12","12","43","5","Thursday","2","February","2004","1"
"1403","2004-02-13","13","44","6","Friday","2","February","2004","1"
"1404","2004-02-14","14","45","7","Saturday","2","February","2004","1"
"1405","2004-02-15","15","46","1","Sunday","2","February","2004","1"
"1406","2004-02-16","16","47","2","Monday","2","February","2004","1"
"1407","2004-02-17","17","48","3","Tuesday","2","February","2004","1"
"1408","2004-02-18","18","49","4","Wednesday","2","February","2004","1"
"1409","2004-02-19","19","50","5","Thursday","2","February","2004","1"
"1410","2004-02-20","20","51","6","Friday","2","February","2004","1"
"1411","2004-02-21","21","52","7","Saturday","2","February","2004","1"
"1412","2004-02-22","22","53","1","Sunday","2","February","2004","1"
"1413","2004-02-23","23","54","2","Monday","2","February","2004","1"
"1414","2004-02-24","24","55","3","Tuesday","2","February","2004","1"
"1415","2004-02-25","25","56","4","Wednesday","2","February","2004","1"
"1416","2004-02-26","26","57","5","Thursday","2","February","2004","1"
"1417","2004-02-27","27","58","6","Friday","2","February","2004","1"
"1418","2004-02-28","28","59","7","Saturday","2","February","2004","1"
"1419","2004-02-29","29","60","1","Sunday","2","February","2004","1"
"1420","2004-03-01","1","61","2","Monday","3","March","2004","1"
"1421","2004-03-02","2","62","3","Tuesday","3","March","2004","1"
"1422","2004-03-03","3","63","4","Wednesday","3","March","2004","1"
"1423","2004-03-04","4","64","5","Thursday","3","March","2004","1"
"1424","2004-03-05","5","65","6","Friday","3","March","2004","1"
"1425","2004-03-06","6","66","7","Saturday","3","March","2004","1"
"1426","2004-03-07","7","67","1","Sunday","3","March","2004","1"
"1427","2004-03-08","8","68","2","Monday","3","March","2004","1"
"1428","2004-03-09","9","69","3","Tuesday","3","March","2004","1"
"1429","2004-03-10","10","70","4","Wednesday","3","March","2004","1"
"1430","2004-03-11","11","71","5","Thursday","3","March","2004","1"
"1431","2004-03-12","12","72","6","Friday","3","March","2004","1"
"1432","2004-03-13","13","73","7","Saturday","3","March","2004","1"
"1433","2004-03-14","14","74","1","Sunday","3","March","2004","1"
"1434","2004-03-15","15","75","2","Monday","3","March","2004","1"
"1435","2004-03-16","16","76","3","Tuesday","3","March","2004","1"
"1436","2004-03-17","17","77","4","Wednesday","3","March","2004","1"
"1437","2004-03-18","18","78","5","Thursday","3","March","2004","1"
"1438","2004-03-19","19","79","6","Friday","3","March","2004","1"
"1439","2004-03-20","20","80","7","Saturday","3","March","2004","1"
"1440","2004-03-21","21","81","1","Sunday","3","March","2004","1"
"1441","2004-03-22","22","82","2","Monday","3","March","2004","1"
"1442","2004-03-23","23","83","3","Tuesday","3","March","2004","1"
"1443","2004-03-24","24","84","4","Wednesday","3","March","2004","1"
"1444","2004-03-25","25","85","5","Thursday","3","March","2004","1"
"1445","2004-03-26","26","86","6","Friday","3","March","2004","1"
"1446","2004-03-27","27","87","7","Saturday","3","March","2004","1"
"1447","2004-03-28","28","88","1","Sunday","3","March","2004","1"
"1448","2004-03-29","29","89","2","Monday","3","March","2004","1"
"1449","2004-03-30","30","90","3","Tuesday","3","March","2004","1"
"1450","2004-03-31","31","91","4","Wednesday","3","March","2004","1"
"1451","2004-04-01","1","92","5","Thursday","4","April","2004","2"
"1452","2004-04-02","2","93","6","Friday","4","April","2004","2"
"1453","2004-04-03","3","94","7","Saturday","4","April","2004","2"
"1454","2004-04-04","4","95","1","Sunday","4","April","2004","2"
"1455","2004-04-05","5","96","2","Monday","4","April","2004","2"
"1456","2004-04-06","6","97","3","Tuesday","4","April","2004","2"
"1457","2004-04-07","7","98","4","Wednesday","4","April","2004","2"
"1458","2004-04-08","8","99","5","Thursday","4","April","2004","2"
"1459","2004-04-09","9","100","6","Friday","4","April","2004","2"
"1460","2004-04-10","10","101","7","Saturday","4","April","2004","2"
"1461","2004-04-11","11","102","1","Sunday","4","April","2004","2"
"1462","2004-04-12","12","103","2","Monday","4","April","2004","2"
"1463","2004-04-13","13","104","3","Tuesday","4","April","2004","2"
"1464","2004-04-14","14","105","4","Wednesday","4","April","2004","2"
"1465","2004-04-15","15","106","5","Thursday","4","April","2004","2"
"1466","2004-04-16","16","107","6","Friday","4","April","2004","2"
"1467","2004-04-17","17","108","7","Saturday","4","April","2004","2"
"1468","2004-04-18","18","109","1","Sunday","4","April","2004","2"
"1469","2004-04-19","19","110","2","Monday","4","April","2004","2"
"1470","2004-04-20","20","111","3","Tuesday","4","April","2004","2"
"1471","2004-04-21","21","112","4","Wednesday","4","April","2004","2"
"1472","2004-04-22","22","113","5","Thursday","4","April","2004","2"
"1473","2004-04-23","23","114","6","Friday","4","April","2004","2"
"1474","2004-04-24","24","115","7","Saturday","4","April","2004","2"
"1475","2004-04-25","25","116","1","Sunday","4","April","2004","2"
"1476","2004-04-26","26","117","2","Monday","4","April","2004","2"
"1477","2004-04-27","27","118","3","Tuesday","4","April","2004","2"
"1478","2004-04-28","28","119","4","Wednesday","4","April","2004","2"
"1479","2004-04-29","29","120","5","Thursday","4","April","2004","2"
"1480","2004-04-30","30","121","6","Friday","4","April","2004","2"
"1481","2004-05-01","1","122","7","Saturday","5","May","2004","2"
"1482","2004-05-02","2","123","1","Sunday","5","May","2004","2"
"1483","2004-05-03","3","124","2","Monday","5","May","2004","2"
"1484","2004-05-04","4","125","3","Tuesday","5","May","2004","2"
"1485","2004-05-05","5","126","4","Wednesday","5","May","2004","2"
"1486","2004-05-06","6","127","5","Thursday","5","May","2004","2"
"1487","2004-05-07","7","128","6","Friday","5","May","2004","2"
"1488","2004-05-08","8","129","7","Saturday","5","May","2004","2"
"1489","2004-05-09","9","130","1","Sunday","5","May","2004","2"
"1490","2004-05-10","10","131","2","Monday","5","May","2004","2"
"1491","2004-05-11","11","132","3","Tuesday","5","May","2004","2"
"1492","2004-05-12","12","133","4","Wednesday","5","May","2004","2"
"1493","2004-05-13","13","134","5","Thursday","5","May","2004","2"
"1494","2004-05-14","14","135","6","Friday","5","May","2004","2"
"1495","2004-05-15","15","136","7","Saturday","5","May","2004","2"
"1496","2004-05-16","16","137","1","Sunday","5","May","2004","2"
"1497","2004-05-17","17","138","2","Monday","5","May","2004","2"
"1498","2004-05-18","18","139","3","Tuesday","5","May","2004","2"
"1499","2004-05-19","19","140","4","Wednesday","5","May","2004","2"
"1500","2004-05-20","20","141","5","Thursday","5","May","2004","2"
"1501","2004-05-21","21","142","6","Friday","5","May","2004","2"
"1502","2004-05-22","22","143","7","Saturday","5","May","2004","2"
"1503","2004-05-23","23","144","1","Sunday","5","May","2004","2"
"1504","2004-05-24","24","145","2","Monday","5","May","2004","2"
"1505","2004-05-25","25","146","3","Tuesday","5","May","2004","2"
"1506","2004-05-26","26","147","4","Wednesday","5","May","2004","2"
"1507","2004-05-27","27","148","5","Thursday","5","May","2004","2"
"1508","2004-05-28","28","149","6","Friday","5","May","2004","2"
"1509","2004-05-29","29","150","7","Saturday","5","May","2004","2"
"1510","2004-05-30","30","151","1","Sunday","5","May","2004","2"
"1511","2004-05-31","31","152","2","Monday","5","May","2004","2"
"1512","2004-06-01","1","153","3","Tuesday","6","June","2004","2"
"1513","2004-06-02","2","154","4","Wednesday","6","June","2004","2"
"1514","2004-06-03","3","155","5","Thursday","6","June","2004","2"
"1515","2004-06-04","4","156","6","Friday","6","June","2004","2"
"1516","2004-06-05","5","157","7","Saturday","6","June","2004","2"
"1517","2004-06-06","6","158","1","Sunday","6","June","2004","2"
"1518","2004-06-07","7","159","2","Monday","6","June","2004","2"
"1519","2004-06-08","8","160","3","Tuesday","6","June","2004","2"
"1520","2004-06-09","9","161","4","Wednesday","6","June","2004","2"
"1521","2004-06-10","10","162","5","Thursday","6","June","2004","2"
"1522","2004-06-11","11","163","6","Friday","6","June","2004","2"
"1523","2004-06-12","12","164","7","Saturday","6","June","2004","2"
"1524","2004-06-13","13","165","1","Sunday","6","June","2004","2"
"1525","2004-06-14","14","166","2","Monday","6","June","2004","2"
"1526","2004-06-15","15","167","3","Tuesday","6","June","2004","2"
"1527","2004-06-16","16","168","4","Wednesday","6","June","2004","2"
"1528","2004-06-17","17","169","5","Thursday","6","June","2004","2"
"1529","2004-06-18","18","170","6","Friday","6","June","2004","2"
"1530","2004-06-19","19","171","7","Saturday","6","June","2004","2"
"1531","2004-06-20","20","172","1","Sunday","6","June","2004","2"
"1532","2004-06-21","21","173","2","Monday","6","June","2004","2"
"1533","2004-06-22","22","174","3","Tuesday","6","June","2004","2"
"1534","2004-06-23","23","175","4","Wednesday","6","June","2004","2"
"1535","2004-06-24","24","176","5","Thursday","6","June","2004","2"
"1536","2004-06-25","25","177","6","Friday","6","June","2004","2"
"1537","2004-06-26","26","178","7","Saturday","6","June","2004","2"
"1538","2004-06-27","27","179","1","Sunday","6","June","2004","2"
"1539","2004-06-28","28","180","2","Monday","6","June","2004","2"
"1540","2004-06-29","29","181","3","Tuesday","6","June","2004","2"
"1541","2004-06-30","30","182","4","Wednesday","6","June","2004","2"
"1542","2004-07-01","1","183","5","Thursday","7","July","2004","3"
"1543","2004-07-02","2","184","6","Friday","7","July","2004","3"
"1544","2004-07-03","3","185","7","Saturday","7","July","2004","3"
"1545","2004-07-04","4","186","1","Sunday","7","July","2004","3"
"1546","2004-07-05","5","187","2","Monday","7","July","2004","3"
"1547","2004-07-06","6","188","3","Tuesday","7","July","2004","3"
"1548","2004-07-07","7","189","4","Wednesday","7","July","2004","3"
"1549","2004-07-08","8","190","5","Thursday","7","July","2004","3"
"1550","2004-07-09","9","191","6","Friday","7","July","2004","3"
"1551","2004-07-10","10","192","7","Saturday","7","July","2004","3"
"1552","2004-07-11","11","193","1","Sunday","7","July","2004","3"
"1553","2004-07-12","12","194","2","Monday","7","July","2004","3"
"1554","2004-07-13","13","195","3","Tuesday","7","July","2004","3"
"1555","2004-07-14","14","196","4","Wednesday","7","July","2004","3"
"1556","2004-07-15","15","197","5","Thursday","7","July","2004","3"
"1557","2004-07-16","16","198","6","Friday","7","July","2004","3"
"1558","2004-07-17","17","199","7","Saturday","7","July","2004","3"
"1559","2004-07-18","18","200","1","Sunday","7","July","2004","3"
"1560","2004-07-19","19","201","2","Monday","7","July","2004","3"
"1561","2004-07-20","20","202","3","Tuesday","7","July","2004","3"
"1562","2004-07-21","21","203","4","Wednesday","7","July","2004","3"
"1563","2004-07-22","22","204","5","Thursday","7","July","2004","3"
"1564","2004-07-23","23","205","6","Friday","7","July","2004","3"
"1565","2004-07-24","24","206","7","Saturday","7","July","2004","3"
"1566","2004-07-25","25","207","1","Sunday","7","July","2004","3"
"1567","2004-07-26","26","208","2","Monday","7","July","2004","3"
"1568","2004-07-27","27","209","3","Tuesday","7","July","2004","3"
"1569","2004-07-28","28","210","4","Wednesday","7","July","2004","3"
"1570","2004-07-29","29","211","5","Thursday","7","July","2004","3"
"1571","2004-07-30","30","212","6","Friday","7","July","2004","3"
"1572","2004-07-31","31","213","7","Saturday","7","July","2004","3"
"1573","2004-08-01","1","214","1","Sunday","8","August","2004","3"
"1574","2004-08-02","2","215","2","Monday","8","August","2004","3"
"1575","2004-08-03","3","216","3","Tuesday","8","August","2004","3"
"1576","2004-08-04","4","217","4","Wednesday","8","August","2004","3"
"1577","2004-08-05","5","218","5","Thursday","8","August","2004","3"
"1578","2004-08-06","6","219","6","Friday","8","August","2004","3"
"1579","2004-08-07","7","220","7","Saturday","8","August","2004","3"
"1580","2004-08-08","8","221","1","Sunday","8","August","2004","3"
"1581","2004-08-09","9","222","2","Monday","8","August","2004","3"
"1582","2004-08-10","10","223","3","Tuesday","8","August","2004","3"
"1583","2004-08-11","11","224","4","Wednesday","8","August","2004","3"
"1584","2004-08-12","12","225","5","Thursday","8","August","2004","3"
"1585","2004-08-13","13","226","6","Friday","8","August","2004","3"
"1586","2004-08-14","14","227","7","Saturday","8","August","2004","3"
"1587","2004-08-15","15","228","1","Sunday","8","August","2004","3"
"1588","2004-08-16","16","229","2","Monday","8","August","2004","3"
"1589","2004-08-17","17","230","3","Tuesday","8","August","2004","3"
"1590","2004-08-18","18","231","4","Wednesday","8","August","2004","3"
"1591","2004-08-19","19","232","5","Thursday","8","August","2004","3"
"1592","2004-08-20","20","233","6","Friday","8","August","2004","3"
"1593","2004-08-21","21","234","7","Saturday","8","August","2004","3"
"1594","2004-08-22","22","235","1","Sunday","8","August","2004","3"
"1595","2004-08-23","23","236","2","Monday","8","August","2004","3"
"1596","2004-08-24","24","237","3","Tuesday","8","August","2004","3"
"1597","2004-08-25","25","238","4","Wednesday","8","August","2004","3"
"1598","2004-08-26","26","239","5","Thursday","8","August","2004","3"
"1599","2004-08-27","27","240","6","Friday","8","August","2004","3"
"1600","2004-08-28","28","241","7","Saturday","8","August","2004","3"
"1601","2004-08-29","29","242","1","Sunday","8","August","2004","3"
"1602","2004-08-30","30","243","2","Monday","8","August","2004","3"
"1603","2004-08-31","31","244","3","Tuesday","8","August","2004","3"
"1604","2004-09-01","1","245","4","Wednesday","9","September","2004","3"
"1605","2004-09-02","2","246","5","Thursday","9","September","2004","3"
"1606","2004-09-03","3","247","6","Friday","9","September","2004","3"
"1607","2004-09-04","4","248","7","Saturday","9","September","2004","3"
"1608","2004-09-05","5","249","1","Sunday","9","September","2004","3"
"1609","2004-09-06","6","250","2","Monday","9","September","2004","3"
"1610","2004-09-07","7","251","3","Tuesday","9","September","2004","3"
"1611","2004-09-08","8","252","4","Wednesday","9","September","2004","3"
"1612","2004-09-09","9","253","5","Thursday","9","September","2004","3"
"1613","2004-09-10","10","254","6","Friday","9","September","2004","3"
"1614","2004-09-11","11","255","7","Saturday","9","September","2004","3"
"1615","2004-09-12","12","256","1","Sunday","9","September","2004","3"
"1616","2004-09-13","13","257","2","Monday","9","September","2004","3"
"1617","2004-09-14","14","258","3","Tuesday","9","September","2004","3"
"1618","2004-09-15","15","259","4","Wednesday","9","September","2004","3"
"1619","2004-09-16","16","260","5","Thursday","9","September","2004","3"
"1620","2004-09-17","17","261","6","Friday","9","September","2004","3"
"1621","2004-09-18","18","262","7","Saturday","9","September","2004","3"
"1622","2004-09-19","19","263","1","Sunday","9","September","2004","3"
"1623","2004-09-20","20","264","2","Monday","9","September","2004","3"
"1624","2004-09-21","21","265","3","Tuesday","9","September","2004","3"
"1625","2004-09-22","22","266","4","Wednesday","9","September","2004","3"
"1626","2004-09-23","23","267","5","Thursday","9","September","2004","3"
"1627","2004-09-24","24","268","6","Friday","9","September","2004","3"
"1628","2004-09-25","25","269","7","Saturday","9","September","2004","3"
"1629","2004-09-26","26","270","1","Sunday","9","September","2004","3"
"1630","2004-09-27","27","271","2","Monday","9","September","2004","3"
"1631","2004-09-28","28","272","3","Tuesday","9","September","2004","3"
"1632","2004-09-29","29","273","4","Wednesday","9","September","2004","3"
"1633","2004-09-30","30","274","5","Thursday","9","September","2004","3"
"1634","2004-10-01","1","275","6","Friday","10","October","2004","4"
"1635","2004-10-02","2","276","7","Saturday","10","October","2004","4"
"1636","2004-10-03","3","277","1","Sunday","10","October","2004","4"
"1637","2004-10-04","4","278","2","Monday","10","October","2004","4"
"1638","2004-10-05","5","279","3","Tuesday","10","October","2004","4"
"1639","2004-10-06","6","280","4","Wednesday","10","October","2004","4"
"1640","2004-10-07","7","281","5","Thursday","10","October","2004","4"
"1641","2004-10-08","8","282","6","Friday","10","October","2004","4"
"1642","2004-10-09","9","283","7","Saturday","10","October","2004","4"
"1643","2004-10-10","10","284","1","Sunday","10","October","2004","4"
"1644","2004-10-11","11","285","2","Monday","10","October","2004","4"
"1645","2004-10-12","12","286","3","Tuesday","10","October","2004","4"
"1646","2004-10-13","13","287","4","Wednesday","10","October","2004","4"
"1647","2004-10-14","14","288","5","Thursday","10","October","2004","4"
"1648","2004-10-15","15","289","6","Friday","10","October","2004","4"
"1649","2004-10-16","16","290","7","Saturday","10","October","2004","4"
"1650","2004-10-17","17","291","1","Sunday","10","October","2004","4"
"1651","2004-10-18","18","292","2","Monday","10","October","2004","4"
"1652","2004-10-19","19","293","3","Tuesday","10","October","2004","4"
"1653","2004-10-20","20","294","4","Wednesday","10","October","2004","4"
"1654","2004-10-21","21","295","5","Thursday","10","October","2004","4"
"1655","2004-10-22","22","296","6","Friday","10","October","2004","4"
"1656","2004-10-23","23","297","7","Saturday","10","October","2004","4"
"1657","2004-10-24","24","298","1","Sunday","10","October","2004","4"
"1658","2004-10-25","25","299","2","Monday","10","October","2004","4"
"1659","2004-10-26","26","300","3","Tuesday","10","October","2004","4"
"1660","2004-10-27","27","301","4","Wednesday","10","October","2004","4"
"1661","2004-10-28","28","302","5","Thursday","10","October","2004","4"
"1662","2004-10-29","29","303","6","Friday","10","October","2004","4"
"1663","2004-10-30","30","304","7","Saturday","10","October","2004","4"
"1664","2004-10-31","31","305","1","Sunday","10","October","2004","4"
"1665","2004-11-01","1","306","2","Monday","11","November","2004","4"
"1666","2004-11-02","2","307","3","Tuesday","11","November","2004","4"
"1667","2004-11-03","3","308","4","Wednesday","11","November","2004","4"
"1668","2004-11-04","4","309","5","Thursday","11","November","2004","4"
"1669","2004-11-05","5","310","6","Friday","11","November","2004","4"
"1670","2004-11-06","6","311","7","Saturday","11","November","2004","4"
"1671","2004-11-07","7","312","1","Sunday","11","November","2004","4"
"1672","2004-11-08","8","313","2","Monday","11","November","2004","4"
"1673","2004-11-09","9","314","3","Tuesday","11","November","2004","4"
"1674","2004-11-10","10","315","4","Wednesday","11","November","2004","4"
"1675","2004-11-11","11","316","5","Thursday","11","November","2004","4"
"1676","2004-11-12","12","317","6","Friday","11","November","2004","4"
"1677","2004-11-13","13","318","7","Saturday","11","November","2004","4"
"1678","2004-11-14","14","319","1","Sunday","11","November","2004","4"
"1679","2004-11-15","15","320","2","Monday","11","November","2004","4"
"1680","2004-11-16","16","321","3","Tuesday","11","November","2004","4"
"1681","2004-11-17","17","322","4","Wednesday","11","November","2004","4"
"1682","2004-11-18","18","323","5","Thursday","11","November","2004","4"
"1683","2004-11-19","19","324","6","Friday","11","November","2004","4"
"1684","2004-11-20","20","325","7","Saturday","11","November","2004","4"
"1685","2004-11-21","21","326","1","Sunday","11","November","2004","4"
"1686","2004-11-22","22","327","2","Monday","11","November","2004","4"
"1687","2004-11-23","23","328","3","Tuesday","11","November","2004","4"
"1688","2004-11-24","24","329","4","Wednesday","11","November","2004","4"
"1689","2004-11-25","25","330","5","Thursday","11","November","2004","4"
"1690","2004-11-26","26","331","6","Friday","11","November","2004","4"
"1691","2004-11-27","27","332","7","Saturday","11","November","2004","4"
"1692","2004-11-28","28","333","1","Sunday","11","November","2004","4"
"1693","2004-11-29","29","334","2","Monday","11","November","2004","4"
"1694","2004-11-30","30","335","3","Tuesday","11","November","2004","4"
"1695","2004-12-01","1","336","4","Wednesday","12","December","2004","4"
"1696","2004-12-02","2","337","5","Thursday","12","December","2004","4"
"1697","2004-12-03","3","338","6","Friday","12","December","2004","4"
"1698","2004-12-04","4","339","7","Saturday","12","December","2004","4"
"1699","2004-12-05","5","340","1","Sunday","12","December","2004","4"
"1700","2004-12-06","6","341","2","Monday","12","December","2004","4"
"1701","2004-12-07","7","342","3","Tuesday","12","December","2004","4"
"1702","2004-12-08","8","343","4","Wednesday","12","December","2004","4"
"1703","2004-12-09","9","344","5","Thursday","12","December","2004","4"
"1704","2004-12-10","10","345","6","Friday","12","December","2004","4"
"1705","2004-12-11","11","346","7","Saturday","12","December","2004","4"
"1706","2004-12-12","12","347","1","Sunday","12","December","2004","4"
"1707","2004-12-13","13","348","2","Monday","12","December","2004","4"
"1708","2004-12-14","14","349","3","Tuesday","12","December","2004","4"
"1709","2004-12-15","15","350","4","Wednesday","12","December","2004","4"
"1710","2004-12-16","16","351","5","Thursday","12","December","2004","4"
"1711","2004-12-17","17","352","6","Friday","12","December","2004","4"
"1712","2004-12-18","18","353","7","Saturday","12","December","2004","4"
"1713","2004-12-19","19","354","1","Sunday","12","December","2004","4"
"1714","2004-12-20","20","355","2","Monday","12","December","2004","4"
"1715","2004-12-21","21","356","3","Tuesday","12","December","2004","4"
"1716","2004-12-22","22","357","4","Wednesday","12","December","2004","4"
"1717","2004-12-23","23","358","5","Thursday","12","December","2004","4"
"1718","2004-12-24","24","359","6","Friday","12","December","2004","4"
"1719","2004-12-25","25","360","7","Saturday","12","December","2004","4"
"1720","2004-12-26","26","361","1","Sunday","12","December","2004","4"
"1721","2004-12-27","27","362","2","Monday","12","December","2004","4"
"1722","2004-12-28","28","363","3","Tuesday","12","December","2004","4"
"1723","2004-12-29","29","364","4","Wednesday","12","December","2004","4"
"1724","2004-12-30","30","365","5","Thursday","12","December","2004","4"
"1725","2004-12-31","31","366","6","Friday","12","December","2004","4"
"1726","2005-01-01","1","1","7","Saturday","1","January","2005","1"
"1727","2005-01-02","2","2","1","Sunday","1","January","2005","1"
"1728","2005-01-03","3","3","2","Monday","1","January","2005","1"
"1729","2005-01-04","4","4","3","Tuesday","1","January","2005","1"
"1730","2005-01-05","5","5","4","Wednesday","1","January","2005","1"
"1731","2005-01-06","6","6","5","Thursday","1","January","2005","1"
"1732","2005-01-07","7","7","6","Friday","1","January","2005","1"
"1733","2005-01-08","8","8","7","Saturday","1","January","2005","1"
"1734","2005-01-09","9","9","1","Sunday","1","January","2005","1"
"1735","2005-01-10","10","10","2","Monday","1","January","2005","1"
"1736","2005-01-11","11","11","3","Tuesday","1","January","2005","1"
"1737","2005-01-12","12","12","4","Wednesday","1","January","2005","1"
"1738","2005-01-13","13","13","5","Thursday","1","January","2005","1"
"1739","2005-01-14","14","14","6","Friday","1","January","2005","1"
"1740","2005-01-15","15","15","7","Saturday","1","January","2005","1"
"1741","2005-01-16","16","16","1","Sunday","1","January","2005","1"
"1742","2005-01-17","17","17","2","Monday","1","January","2005","1"
"1743","2005-01-18","18","18","3","Tuesday","1","January","2005","1"
"1744","2005-01-19","19","19","4","Wednesday","1","January","2005","1"
"1745","2005-01-20","20","20","5","Thursday","1","January","2005","1"
"1746","2005-01-21","21","21","6","Friday","1","January","2005","1"
"1747","2005-01-22","22","22","7","Saturday","1","January","2005","1"
"1748","2005-01-23","23","23","1","Sunday","1","January","2005","1"
"1749","2005-01-24","24","24","2","Monday","1","January","2005","1"
"1750","2005-01-25","25","25","3","Tuesday","1","January","2005","1"
"1751","2005-01-26","26","26","4","Wednesday","1","January","2005","1"
"1752","2005-01-27","27","27","5","Thursday","1","January","2005","1"
"1753","2005-01-28","28","28","6","Friday","1","January","2005","1"
"1754","2005-01-29","29","29","7","Saturday","1","January","2005","1"
"1755","2005-01-30","30","30","1","Sunday","1","January","2005","1"
"1756","2005-01-31","31","31","2","Monday","1","January","2005","1"
"1757","2005-02-01","1","32","3","Tuesday","2","February","2005","1"
"1758","2005-02-02","2","33","4","Wednesday","2","February","2005","1"
"1759","2005-02-03","3","34","5","Thursday","2","February","2005","1"
"1760","2005-02-04","4","35","6","Friday","2","February","2005","1"
"1761","2005-02-05","5","36","7","Saturday","2","February","2005","1"
"1762","2005-02-06","6","37","1","Sunday","2","February","2005","1"
"1763","2005-02-07","7","38","2","Monday","2","February","2005","1"
"1764","2005-02-08","8","39","3","Tuesday","2","February","2005","1"
"1765","2005-02-09","9","40","4","Wednesday","2","February","2005","1"
"1766","2005-02-10","10","41","5","Thursday","2","February","2005","1"
"1767","2005-02-11","11","42","6","Friday","2","February","2005","1"
"1768","2005-02-12","12","43","7","Saturday","2","February","2005","1"
"1769","2005-02-13","13","44","1","Sunday","2","February","2005","1"
"1770","2005-02-14","14","45","2","Monday","2","February","2005","1"
"1771","2005-02-15","15","46","3","Tuesday","2","February","2005","1"
"1772","2005-02-16","16","47","4","Wednesday","2","February","2005","1"
"1773","2005-02-17","17","48","5","Thursday","2","February","2005","1"
"1774","2005-02-18","18","49","6","Friday","2","February","2005","1"
"1775","2005-02-19","19","50","7","Saturday","2","February","2005","1"
"1776","2005-02-20","20","51","1","Sunday","2","February","2005","1"
"1777","2005-02-21","21","52","2","Monday","2","February","2005","1"
"1778","2005-02-22","22","53","3","Tuesday","2","February","2005","1"
"1779","2005-02-23","23","54","4","Wednesday","2","February","2005","1"
"1780","2005-02-24","24","55","5","Thursday","2","February","2005","1"
"1781","2005-02-25","25","56","6","Friday","2","February","2005","1"
"1782","2005-02-26","26","57","7","Saturday","2","February","2005","1"
"1783","2005-02-27","27","58","1","Sunday","2","February","2005","1"
"1784","2005-02-28","28","59","2","Monday","2","February","2005","1"
"1785","2005-03-01","1","60","3","Tuesday","3","March","2005","1"
"1786","2005-03-02","2","61","4","Wednesday","3","March","2005","1"
"1787","2005-03-03","3","62","5","Thursday","3","March","2005","1"
"1788","2005-03-04","4","63","6","Friday","3","March","2005","1"
"1789","2005-03-05","5","64","7","Saturday","3","March","2005","1"
"1790","2005-03-06","6","65","1","Sunday","3","March","2005","1"
"1791","2005-03-07","7","66","2","Monday","3","March","2005","1"
"1792","2005-03-08","8","67","3","Tuesday","3","March","2005","1"
"1793","2005-03-09","9","68","4","Wednesday","3","March","2005","1"
"1794","2005-03-10","10","69","5","Thursday","3","March","2005","1"
"1795","2005-03-11","11","70","6","Friday","3","March","2005","1"
"1796","2005-03-12","12","71","7","Saturday","3","March","2005","1"
"1797","2005-03-13","13","72","1","Sunday","3","March","2005","1"
"1798","2005-03-14","14","73","2","Monday","3","March","2005","1"
"1799","2005-03-15","15","74","3","Tuesday","3","March","2005","1"
"1800","2005-03-16","16","75","4","Wednesday","3","March","2005","1"
"1801","2005-03-17","17","76","5","Thursday","3","March","2005","1"
"1802","2005-03-18","18","77","6","Friday","3","March","2005","1"
"1803","2005-03-19","19","78","7","Saturday","3","March","2005","1"
"1804","2005-03-20","20","79","1","Sunday","3","March","2005","1"
"1805","2005-03-21","21","80","2","Monday","3","March","2005","1"
"1806","2005-03-22","22","81","3","Tuesday","3","March","2005","1"
"1807","2005-03-23","23","82","4","Wednesday","3","March","2005","1"
"1808","2005-03-24","24","83","5","Thursday","3","March","2005","1"
"1809","2005-03-25","25","84","6","Friday","3","March","2005","1"
"1810","2005-03-26","26","85","7","Saturday","3","March","2005","1"
"1811","2005-03-27","27","86","1","Sunday","3","March","2005","1"
"1812","2005-03-28","28","87","2","Monday","3","March","2005","1"
"1813","2005-03-29","29","88","3","Tuesday","3","March","2005","1"
"1814","2005-03-30","30","89","4","Wednesday","3","March","2005","1"
"1815","2005-03-31","31","90","5","Thursday","3","March","2005","1"
"1816","2005-04-01","1","91","6","Friday","4","April","2005","2"
"1817","2005-04-02","2","92","7","Saturday","4","April","2005","2"
"1818","2005-04-03","3","93","1","Sunday","4","April","2005","2"
"1819","2005-04-04","4","94","2","Monday","4","April","2005","2"
"1820","2005-04-05","5","95","3","Tuesday","4","April","2005","2"
"1821","2005-04-06","6","96","4","Wednesday","4","April","2005","2"
"1822","2005-04-07","7","97","5","Thursday","4","April","2005","2"
"1823","2005-04-08","8","98","6","Friday","4","April","2005","2"
"1824","2005-04-09","9","99","7","Saturday","4","April","2005","2"
"1825","2005-04-10","10","100","1","Sunday","4","April","2005","2"
"1826","2005-04-11","11","101","2","Monday","4","April","2005","2"
"1827","2005-04-12","12","102","3","Tuesday","4","April","2005","2"
"1828","2005-04-13","13","103","4","Wednesday","4","April","2005","2"
"1829","2005-04-14","14","104","5","Thursday","4","April","2005","2"
"1830","2005-04-15","15","105","6","Friday","4","April","2005","2"
"1831","2005-04-16","16","106","7","Saturday","4","April","2005","2"
"1832","2005-04-17","17","107","1","Sunday","4","April","2005","2"
"1833","2005-04-18","18","108","2","Monday","4","April","2005","2"
"1834","2005-04-19","19","109","3","Tuesday","4","April","2005","2"
"1835","2005-04-20","20","110","4","Wednesday","4","April","2005","2"
"1836","2005-04-21","21","111","5","Thursday","4","April","2005","2"
"1837","2005-04-22","22","112","6","Friday","4","April","2005","2"
"1838","2005-04-23","23","113","7","Saturday","4","April","2005","2"
"1839","2005-04-24","24","114","1","Sunday","4","April","2005","2"
"1840","2005-04-25","25","115","2","Monday","4","April","2005","2"
"1841","2005-04-26","26","116","3","Tuesday","4","April","2005","2"
"1842","2005-04-27","27","117","4","Wednesday","4","April","2005","2"
"1843","2005-04-28","28","118","5","Thursday","4","April","2005","2"
"1844","2005-04-29","29","119","6","Friday","4","April","2005","2"
"1845","2005-04-30","30","120","7","Saturday","4","April","2005","2"
"1846","2005-05-01","1","121","1","Sunday","5","May","2005","2"
"1847","2005-05-02","2","122","2","Monday","5","May","2005","2"
"1848","2005-05-03","3","123","3","Tuesday","5","May","2005","2"
"1849","2005-05-04","4","124","4","Wednesday","5","May","2005","2"
"1850","2005-05-05","5","125","5","Thursday","5","May","2005","2"
"1851","2005-05-06","6","126","6","Friday","5","May","2005","2"
"1852","2005-05-07","7","127","7","Saturday","5","May","2005","2"
"1853","2005-05-08","8","128","1","Sunday","5","May","2005","2"
"1854","2005-05-09","9","129","2","Monday","5","May","2005","2"
"1855","2005-05-10","10","130","3","Tuesday","5","May","2005","2"
"1856","2005-05-11","11","131","4","Wednesday","5","May","2005","2"
"1857","2005-05-12","12","132","5","Thursday","5","May","2005","2"
"1858","2005-05-13","13","133","6","Friday","5","May","2005","2"
"1859","2005-05-14","14","134","7","Saturday","5","May","2005","2"
"1860","2005-05-15","15","135","1","Sunday","5","May","2005","2"
"1861","2005-05-16","16","136","2","Monday","5","May","2005","2"
"1862","2005-05-17","17","137","3","Tuesday","5","May","2005","2"
"1863","2005-05-18","18","138","4","Wednesday","5","May","2005","2"
"1864","2005-05-19","19","139","5","Thursday","5","May","2005","2"
"1865","2005-05-20","20","140","6","Friday","5","May","2005","2"
"1866","2005-05-21","21","141","7","Saturday","5","May","2005","2"
"1867","2005-05-22","22","142","1","Sunday","5","May","2005","2"
"1868","2005-05-23","23","143","2","Monday","5","May","2005","2"
"1869","2005-05-24","24","144","3","Tuesday","5","May","2005","2"
"1870","2005-05-25","25","145","4","Wednesday","5","May","2005","2"
"1871","2005-05-26","26","146","5","Thursday","5","May","2005","2"
"1872","2005-05-27","27","147","6","Friday","5","May","2005","2"
"1873","2005-05-28","28","148","7","Saturday","5","May","2005","2"
"1874","2005-05-29","29","149","1","Sunday","5","May","2005","2"
"1875","2005-05-30","30","150","2","Monday","5","May","2005","2"
